{
  "mtxL": [
    [
      421.0006,
      0.0,
      343.0393
    ],
    [
      0.0,
      420.8060,
      260.7174
    ],
    [
      0.0,
      0.0,
      1.0
    ]
  ],
  "distL": [
    [
      -0.415039008264078,
      0.210067696723194,
      0.00241312903367080,
      0.000658921792081048,
      -0.0572668028613207
    ]
  ],
  "mtxR": [
    [
      426.1293,
      0.0,
      346.4434
    ],
    [
      0.0,
      425.9582,
      272.7574
    ],
    [
      0.0,
      0.0,
      1.0
    ]
  ],
  "distR": [
    [
      -0.409814425441444,
      0.197243721988495,
      0.00242043668149288,
      0.00198537270223804,
      -0.0482877716781889
    ]
  ],
  "Rot": [
    [
      0.999907663805369,
      0.00105777833890984,
      0.0135478768917943
    ],
    [
      -0.00102563060246502,
      0.999996642723957,
      -0.00237962658469285
    ],
    [
      -0.0135503485252877,
      0.00236551174189072,
      0.999905391729159
    ]
  ],
  "Trns": [
    [
      -54.0572557782679
    ],
    [
      0.0459960733302921
    ],
    [
      1.07018249173716
    ]
  ],
  "Emat": [
    [
      6.400722224288516e-05,
      -0.004239475835985354,
      0.0005950131572649705
    ],
    [
      0.005357207026309371,
      4.950731582409222e-05,
      0.016075183052908906
    ],
    [
      -0.0004992008345556845,
      -0.016408178922813783,
      6.095574592671563e-05
    ]
  ],
  "Fmat": [
    [
      6.514145707607885e-07,
      -4.312096752112493e-05,
      0.013389432643858886
    ],
    [
      5.446849545057813e-05,
      5.030650823819543e-07,
      0.0530714064775116
    ],
    [
      -0.016904640759744814,
      -0.05923019050026877,
      1.0
    ]
  ],
  "rect_l": [
    [
      0.9999804919670979,
      0.00016004230323519138,
      -0.006244203047781627
    ],
    [
      -0.0001674634717105582,
      0.9999992803240839,
      -0.0011879845537189886
    ],
    [
      0.006244008426194892,
      0.0011890070543976717,
      0.9999797991064612
    ]
  ],
  "rect_r": [
    [
      0.9998037311688672,
      -0.0008507099569274513,
      -0.019793317897219567
    ],
    [
      0.0008742349003979247,
      0.9999989217657443,
      0.0011799070673405017
    ],
    [
      0.01979229279669574,
      -0.001196979497659973,
      0.99980339686657
    ]
  ],
  "proj_l": [
    [
      423.3821,
      0.0,
      436.37178230285645,
      0.0
    ],
    [
      0.0,
      423.3821,
      312.09497261047363,
      0.0
    ],
    [
      0.0,
      0.0,
      1.0,
      0.0
    ]
  ],
  "proj_r": [
    [
      423.3821,
      0.0,
      436.37178230285645,
      -22891.367333549777
    ],
    [
      0.0,
      423.3821,
      312.09497261047363,
      0.0
    ],
    [
      0.0,
      0.0,
      1.0,
      0.0
    ]
  ]
}